{
    "name": "animal",
    "roles": [
        "animal"
    ],
    "lookups": [
        "keywords"
    ],
    "keywords": [
        {
            "keyword": "ballena",
            "synonyms": [
                "ballena"
            ]
        },
        {
            "keyword": "caballo",
            "synonyms": [
                "caballo"
            ]
        },
        {
            "keyword": "cocodrilo",
            "synonyms": [
                "cocodrilo"
            ]
        },
        {
            "keyword": "elefante",
            "synonyms": [
                "elefante"
            ]
        },
        {
            "keyword": "gallina",
            "synonyms": [
                "gallina"
            ]
        },
        {
            "keyword": "gato",
            "synonyms": [
                "gato"
            ]
        },
        {
            "keyword": "loro",
            "synonyms": [
                "loro"
            ]
        },
        {
            "keyword": "perro",
            "synonyms": [
                "perro"
            ]
        }
    ]
}
