{
    "name": "color",
    "roles": [
        "color"
    ],
    "lookups": [
        "keywords"
    ],
    "keywords": [
        {
            "keyword": "amarillo",
            "synonyms": [
                "amarillo"
            ]
        },
        {
            "keyword": "azul",
            "synonyms": [
                "azul"
            ]
        },
        {
            "keyword": "blanco",
            "synonyms": [
                "blanco"
            ]
        },
        {
            "keyword": "gris",
            "synonyms": [
                "gris"
            ]
        },
        {
            "keyword": "morado",
            "synonyms": [
                "morado"
            ]
        },
        {
            "keyword": "naranja",
            "synonyms": [
                "naranja"
            ]
        },
        {
            "keyword": "negro",
            "synonyms": [
                "negro"
            ]
        },
        {
            "keyword": "rojo",
            "synonyms": [
                "rojo"
            ]
        },
        {
            "keyword": "rosa",
            "synonyms": [
                "rosa"
            ]
        },
        {
            "keyword": "verde",
            "synonyms": [
                "verde"
            ]
        }
    ]
}
