{
    "utterances": [
        {
            "text": "amarillo",
            "entities": [
                {
                    "entity": "color:color",
                    "start": 0,
                    "end": 8,
                    "body": "amarillo",
                    "entities": []
                }
            ],
            "traits": [],
            "intent": "decir_color"
        },
        {
            "text": "azul",
            "entities": [
                {
                    "entity": "color:color",
                    "start": 0,
                    "end": 4,
                    "body": "azul",
                    "entities": []
                }
            ],
            "traits": [],
            "intent": "decir_color"
        },
        {
            "text": "ballena",
            "entities": [
                {
                    "entity": "animal:animal",
                    "start": 0,
                    "end": 7,
                    "body": "ballena",
                    "entities": []
                }
            ],
            "traits": [],
            "intent": "decir_color"
        },
        {
            "text": "blanco",
            "entities": [
                {
                    "entity": "color:color",
                    "start": 0,
                    "end": 6,
                    "body": "blanco",
                    "entities": []
                }
            ],
            "traits": [],
            "intent": "decir_color"
        },
        {
            "text": "caballo",
            "entities": [
                {
                    "entity": "animal:animal",
                    "start": 0,
                    "end": 7,
                    "body": "caballo",
                    "entities": []
                }
            ],
            "traits": [],
            "intent": "decir_color"
        },
        {
            "text": "cocodrilo",
            "entities": [
                {
                    "entity": "animal:animal",
                    "start": 0,
                    "end": 9,
                    "body": "cocodrilo",
                    "entities": []
                }
            ],
            "traits": [],
            "intent": "decir_color"
        },
        {
            "text": "elefante",
            "entities": [
                {
                    "entity": "animal:animal",
                    "start": 0,
                    "end": 8,
                    "body": "elefante",
                    "entities": []
                }
            ],
            "traits": [],
            "intent": "decir_color"
        },
        {
            "text": "gallina",
            "entities": [
                {
                    "entity": "animal:animal",
                    "start": 0,
                    "end": 7,
                    "body": "gallina",
                    "entities": []
                }
            ],
            "traits": [],
            "intent": "decir_color"
        },
        {
            "text": "gato",
            "entities": [
                {
                    "entity": "animal:animal",
                    "start": 0,
                    "end": 4,
                    "body": "gato",
                    "entities": []
                }
            ],
            "traits": [],
            "intent": "decir_color"
        },
        {
            "text": "gris",
            "entities": [
                {
                    "entity": "color:color",
                    "start": 0,
                    "end": 4,
                    "body": "gris",
                    "entities": []
                }
            ],
            "traits": [],
            "intent": "decir_color"
        },
        {
            "text": "loro",
            "entities": [
                {
                    "entity": "animal:animal",
                    "start": 0,
                    "end": 4,
                    "body": "loro",
                    "entities": []
                }
            ],
            "traits": [],
            "intent": "decir_color"
        },
        {
            "text": "morado",
            "entities": [
                {
                    "entity": "color:color",
                    "start": 0,
                    "end": 6,
                    "body": "morado",
                    "entities": []
                }
            ],
            "traits": [],
            "intent": "decir_color"
        },
        {
            "text": "naranja",
            "entities": [
                {
                    "entity": "color:color",
                    "start": 0,
                    "end": 7,
                    "body": "naranja",
                    "entities": []
                }
            ],
            "traits": [],
            "intent": "decir_color"
        },
        {
            "text": "negro",
            "entities": [
                {
                    "entity": "color:color",
                    "start": 0,
                    "end": 5,
                    "body": "negro",
                    "entities": []
                }
            ],
            "traits": [],
            "intent": "decir_color"
        },
        {
            "text": "perro",
            "entities": [
                {
                    "entity": "animal:animal",
                    "start": 0,
                    "end": 5,
                    "body": "perro",
                    "entities": []
                }
            ],
            "traits": [],
            "intent": "decir_color"
        },
        {
            "text": "rojo",
            "entities": [
                {
                    "entity": "color:color",
                    "start": 0,
                    "end": 4,
                    "body": "rojo",
                    "entities": []
                }
            ],
            "traits": [],
            "intent": "decir_color"
        },
        {
            "text": "rosa",
            "entities": [
                {
                    "entity": "color:color",
                    "start": 0,
                    "end": 4,
                    "body": "rosa",
                    "entities": []
                }
            ],
            "traits": [],
            "intent": "decir_color"
        },
        {
            "text": "verde",
            "entities": [
                {
                    "entity": "color:color",
                    "start": 0,
                    "end": 5,
                    "body": "verde",
                    "entities": []
                }
            ],
            "traits": [],
            "intent": "decir_color"
        }
    ]
}
